,URLS
0,https://corporate.walmart.com/purpose/culture-diversity-equity-inclusion
1,https://www.aboutamazon.com/workplace/diversity-inclusion
2,https://www.apple.com/diversity/
3,https://www.cvshealth.com/about/our-strategy/diversity.html
4,https://careers.unitedhealthgroup.com/culture/inclusion-and-diversity/
5,https://corporate.exxonmobil.com/locations/brazil/inclusion-and-diversity
6,https://www.brkenergy.com/about-us/careers/diversity-equity-inclusion
7,https://www.globaldata.com/data-insights/technology-media-and-telecom/alphabet-workforce-diversity-and-inclusion-2091198/
8,https://www.mckesson.com/About-McKesson/Impact/Inclusion-and-Diversity/
9,https://www.amerisourcebergen.com/diversity-equity-and-inclusion
10,https://www.costco.com/inclusion.html
11,https://www.cigna.com/about-us/corporate-responsibility/diversity-and-inclusion/
12,https://about.att.com/pages/diversity
13,https://www.microsoft.com/en-us/diversity/default.aspx
14,https://www.cardinalhealth.com/en/about-us/our-people/diversity-and-inclusion.html
15,https://www.chevron.com/sustainability/social/diversity-inclusion
16,https://corporate.homedepot.com/page/diversity-equity-inclusion
17,https://www.walgreensbootsalliance.com/about-us/diversity-equity-and-inclusion
18,https://www.marathonpetroleum.com/Sustainability/Diversity-Equity-and-Inclusion/
19,https://www.elevancehealth.com/who-we-are/diversity-equity-and-inclusion
20,https://www.thekrogerco.com/community/standing-together/
21,https://corporate.ford.com/careers/inclusive-hiring/diversity.html
22,https://www.verizon.com/about/our-company/diversity-and-inclusion
23,https://www.jpmorganchase.com/about/people-culture/diversity-and-inclusion
24,https://www.gmsustainability.com/priorities/developing-talented-people/diversity-equity-and-inclusion.html
25,https://www.centene.com/who-we-are/diversity-equity-and-inclusion.html
26,https://about.fb.com/news/2022/07/metas-diversity-report-2022/
27,https://corporate.comcast.com/impact/diversity-equity-inclusion
28,https://phillips66.jobs/inclusion-diversity/
29,https://www.valero.com/careers/working-valero/diversity-inclusion
30,https://jobs.dell.com/diversity-and-inclusion
31,https://corporate.target.com/sustainability-esg/diversity-equity-inclusion
32,https://www.fanniemae.com/about-us/who-we-are/diversity-and-inclusion
33,https://about.ups.com/us/en/social-impact/diversity-equity-and-inclusion.html
34,https://talent.lowes.com/us/en/diversity-inclusion
35,https://about.bankofamerica.com/en/working-here/diversity-inclusion
36,https://www.jnj.com/about-jnj/diversity
37,https://www.adm.com/en-us/culture-and-careers/diversity-equity-inclusion/
38,https://www.fedex.com/en-us/about/diversity-inclusion.html
39,https://www.humana.com/about/impact/individual/inclusion-diversity
40,https://www.wellsfargo.com/about/diversity/diversity-and-inclusion/
41,https://www.statefarm.com/about-us/diversity-inclusion
42,https://www.pfizer.com/about/responsibility/diversity-and-inclusion
43,https://www.citigroup.com/global/our-impact/diversity-equity-inclusion
44,https://pepsico.com/our-impact/diversity-equity-and-inclusion
45,https://www.intel.com/content/www/us/en/diversity/diversity-at-intel.html
46,https://us.pg.com/equality-and-inclusion/
47,https://www.ge.com/about-us/diversity
48,https://www.ibm.com/impact/be-equal/
49,https://www.metlife.com/about-us/global-diversity-equity-inclusion/
50,https://www.prudential.com/links/about/diversity-inclusion
51,https://www.albertsonscompanies.com/our-impact/people/diversity-equity-inclusion/default.aspx
52,https://impact.disney.com/diversity-inclusion/
53,https://www.energytransfer.com/corporate-responsibility/
54,https://www.lockheedmartin.com/en-us/who-we-are/global-diversity-inclusion.html
55,https://www.freddiemac.com/about/diversity
56,https://www.goldmansachs.com/our-commitments/diversity-and-inclusion/
57,https://www.rtx.com/our-responsibility/diversity-equity-inclusion
58,https://www.hp.com/us-en/hp-information/about-hp/diversity.html
59,https://www.boeing.com/principles/diversity-and-inclusion/index.page
60,https://www.morganstanley.com/about-us/diversity
61,https://hcahealthcare.com/about/diversity-equity-and-inclusion/
62,https://www.abbvie.com/who-we-are/equity-equality-inclusion-diversity.html
63,https://corporate.dow.com/en-us/about/company/beliefs-and-culture/inclusion-and-diversity.html
64,https://www.tesla.com/sites/default/files/downloads/2020-DEI-impact-report.pdf
65,https://www.allstatecorporation.com/corporate-responsibility/inclusive-diversity-equity.aspx
66,https://www.aig.com/home/about/corporate-responsibility/diversity-equity-and-inclusion
67,https://corporate.bestbuy.com/diversity-and-inclusion/
68,https://corporate.charter.com/diversity-inclusion
69,https://www.sysco.com/About/Our-People/Diversity-and-Inclusion.html
70,https://www.merck.com/company-overview/diversity-and-inclusion/
71,https://www.newyorklife.com/careers/our-culture/diversity-and-inclusion
72,https://www.caterpillar.com/en/careers/why-caterpillar/diversity-inclusion.html
73,https://www.cisco.com/c/en/us/about/inclusion-diversity.html
74,https://www.tjx.com/responsibility/workplace/inclusion-and-diversity
75,https://corporate.publix.com/about-publix/culture/committed-to-diversity
76,https://careers.conocophillips.com/working-here/diversity-equity-inclusion/
77,https://www.libertymutualgroup.com/about-lm/corporate-information/diversity-equity-inclusion/our-commitment
78,https://www.progressive.com/about/diversity-and-inclusion/
79,https://www.nationwide.com/personal/about-us/diversity-equity-inclusion/
80,https://www.tysonfoods.com/who-we-are/our-people/inclusion-diversity
81,https://www.bms.com/about-us/global-diversity-and-inclusion.html
82,https://about.nike.com/en/impact/focus-areas/diversity-equity-inclusion
83,https://www.deere.com/en/our-company/john-deere-careers/benefits/diversity/
84,https://www.americanexpress.com/us/company/global-diversity-and-inclusion.html
85,https://www.abbott.com/careers/diversity-and-inclusion.html
86,https://www.stonex.com/featured-insights/webinarsvideos/perspectives-on-social-impact-diversity--inclusion/
87,https://www.plains.com/sustainability/our-people
88,https://www.enterpriseproducts.com/careers/diversity-inclusion/
89,https://www.tiaa.org/public/about-tiaa/diversity-inclusion
90,https://www.oracle.com/careers/diversity-inclusion/best-practices/
91,https://corporate.thermofisher.com/content/tfcorpsite/us/en/index/corporate-social-responsibility/colleagues/diversity-and-inclusion.html
92,https://www.coca-colacompany.com/social-impact/diversity-and-inclusion
93,https://www.gd.com/careers/diversity
94,https://jobs.chsinc.com/inclusion-diversity
95,https://www.usaajobs.com/diversity
96,https://www.northwesternmutual.com/our-commitment-to-diversity/
97,https://www.comparably.com/companies/nucor-corporation/diversity
98,https://www.exeloncorp.com/diversity-equity-inclusion
99,https://www.massmutual.com/sustainability/diversity-equity-and-inclusion
100,https://www.northropgrumman.com/esg/diversity-equity-and-inclusion/
101,https://www.3m.com/3M/en_US/sustainability-us/social/diversity-equity-and-inclusion/
102,https://www.travelers.com/about-travelers/diversity
103,https://careers.arrow.com/us/en/diversity-equality-and-inclusion
104,https://www.honeywell.com/us/en/company/inclusion-and-diversity
105,https://careers.dollargeneral.com/diversity-inclusion/
106,https://www.qualcomm.com/company/corporate-responsibility/our-people/diversity-equity-and-inclusion
107,https://www.capitalone.com/about/diversity
108,https://www.synnexcorp.com/careers/diversity-equity-inclusion/
109,https://www.pmi.com/inclusion-diversity
110,https://www.wfscorp.com/Careers/Diversity-Equity-and-Inclusion
111,https://investors.pfgc.com/press-releases/press-release-details/2021/Performance-Food-Group-Company-Announces-Addition-of-Vice-President-of-Diversity--Inclusion/default.aspx
112,https://www.delta.com/us/en/about-delta/diversity
113,https://www.aa.com/i18n/customer-service/about-us/diversity/inclusion-and-diversity.jsp
114,https://jobs.netflix.com/inclusion
115,https://www.paramount.com/inclusion-2021/introduction
116,https://www.usfoods.com/about-us-foods/diversity-and-inclusion.html
117,https://www.danaher.com/who-we-are/diversity-inclusion
118,https://www.jabil.com/about-us/culture/we-are-jabil/diversity-equity-inclusion.html
119,https://stories.starbucks.com/stories/inclusion-diversity/
120,https://www.mondelezinternational.com/Snacking-Made-Right/Diversity-Equity-and-Inclusion
121,https://www.lilly.com/impact/empowering-a-diverse-workforce
122,https://www.hpe.com/us/en/about/diversity.html
123,https://investor.drhorton.com/~/media/Files/D/D-R-Horton-IR/documents/human-rights-policy-final.pdf
124,https://investors.molinahealthcare.com/static-files/0a91ce04-da45-47b3-add2-9cad6ba25a5e
125,https://www.cbre.com/careers/diversity-equity-and-inclusion
126,https://www.micron.com/about/our-commitment/empowering-people/diversity-equality-and-inclusion
127,https://www.broadcom.com/company/citizenship/workforce
128,https://www.gilead.com/purpose/inclusion-and-diversity
129,https://www.pbfenergy.com/wp-content/uploads/2022/03/146-580-Brochures-Barbara-Feather-GettoKnowUs_V3.pdf
130,https://investors.lennar.com/~/media/Files/L/Lennar-IR-V3/documents/governance-documents/lennar-2022-social-responsibility-report.pdf
131,https://www.betterforall.unfi.com/social/diversity-inclusion.html
132,https://www.nrg.com/about/diversity-equity-and-inclusion.html
133,https://www.nvidia.com/en-us/about-nvidia/careers/diversity-and-inclusion/
134,https://www.oxy.com/careers/life-at-oxy/diversity/
135,https://www.salesforce.com/company/equality/
136,https://corporate.dollartree.com/values/equality-belonging-dei
137,https://www.kkr.com/our-firm/life-kkr/commitment-diversity
138,https://www.kraftheinzcompany.com/diversity-inclusion.html
139,https://www.amgen.com/responsibility/healthy-society/diversity-and-inclusion
140,https://www.autonation.com/our-purpose/one-autonation
141,https://www.gopenske.com/our-company/diversity-and-inclusion
142,https://about.pypl.com/how-we-work/diversity-and-inclusion/
143,https://www.macysinc.com/purpose/diversity-equity-and-inclusion/default.aspx
144,https://www.duke-energy.com/our-company/about-us/diversity
145,http://www.united.com/ual/en/us/fly/company/global-citizenship/diversity.html
146,https://usa.visa.com/about-visa/diversity-inclusion.html
147,https://www.riteaid.com/about-us/diversity-equity-inclusion
148,https://www.cummins.com/company/esg/social/diversity
149,https://www.usbank.com/about-us-bank/diversity.html
150,https://jobs.paccar.com/content/Diversity-and-Inclusion/?locale=en_US
151,https://corporate.mcdonalds.com/corpmcd/our-purpose-and-impact/jobs-inclusion-and-empowerment/diversity-and-inclusion.html
152,https://www.southerncompany.com/our-community/diversity.html
153,https://www.chrobinson.com/en-us/about-us/corporate-responsibility/diversity-inclusion/
154,https://www.truist.com/who-we-are/diversity-equity-inclusion
155,https://www.appliedmaterials.com/us/en/careers/inclusion.html
156,https://www.fcx.com/sustainability/people/inclusion_diversity
157,https://responsibility.lithiadriveway.com/social/goal-8-diversity-inclusion
158,https://www.blackstone.com/our-impact/diversity-equity-inclusion/
159,https://www.thehartford.com/about-us/corporate-diversity
160,https://www.aflac.com/brokers/resources/articles/diversity-equity-and-inclusion-are-the-aflac-way.aspx
161,https://www.whirlpoolcorp.com/inclusion-diversity/
162,https://www.up.com/aboutup/corporate_info/diversity/index.htm
163,https://www.internationalpaper.com/taxonomy/term/646
164,https://www.altria.com/people-and-careers/our-people-and-communities/inclusion-diversity-and-equity
165,https://www.cdw.com/content/cdw/en/about/overview/diversity-and-inclusion.html
166,https://www.manpowergroup.com/en/sustainability/people-and-prosperity/diversity-equity-inclusion-belonging
167,https://www.pge.com/en_US/about-pge/company-information/diversity-and-inclusion/diversity-and-inclusion.page
168,https://www.corporate.carrier.com/corporate-responsibility/social-impact/our-employees/
169,https://www.bakerhughes.com/dei
170,https://careers.clevelandcliffs.com/diversity-and-inclusion/
171,https://www.ussteel.com/careers/diversity-equity-inclusion
172,https://investors.bd.com/esg/inclusion-diversity-inclusion
173,https://careers.carmax.com/us/en/diversity-inclusion
174,https://corporate.sherwin-williams.com/sustainability/focus-areas/social-imprint/inclusion.html
175,https://www.bldr.com/who-we-are/culture-community
176,https://www.marshmclennan.com/about/culture/inclusion-diversity-belonging.html
177,https://www.pnc.com/en/about-pnc/corporate-responsibility/diversity-and-inclusion.html
178,https://jobs.lumen.com/global/en/diversity-inclusion-belonging
179,https://www.avnet.com/wps/portal/us/about-avnet/corporate-social-responsibility/diversity-equity-inclusion/
180,https://www.tenethealth.com/careers/life-at-tenet
181,https://www.kimberly-clark.com/en-us/responsibility/diversity-and-inclusion
182,https://www.kohls.com/feature/diversityandinclusion.jsp
183,https://www.blackrock.com/corporate/about-us/diversity-equity-and-inclusion
184,https://www.us.jll.com/en/careers/diversity-inclusion
185,https://www.lear.com/careers/diversity-equity-inclusion
186,https://www.lincolnfinancial.com/public/aboutus/companyoverview/ourstrategy/diversityinclusion
187,https://www.aboutschwab.com/diversity-and-inclusion
188,https://corp.rossstores.com/responsibility/empowering-our-associates/our-commitment-to-diversity/
189,https://www.mastercard.us/en-us/vision/who-we-are/diversity-inclusion.html
190,https://filecache.investorroom.com/mr5ir_genuineparts/290/download/GPC_2020_CSR_FINAL.pdf
191,https://www.westrock.com/company/diversity
192,https://www.eogresources.com/culture/
193,https://www.cognizant.com/us/en/about-cognizant/diversity-and-inclusion
194,https://www.modernatx.com/media-center/all-media/blogs/diseases-dont-discriminate-neither-should-clinical-research
195,https://stld.steeldynamics.com/talent-development/
196,https://www.hfsinclair.com/about-us/mission-and-values/default.aspx
197,https://careers.ti.com/inclusion/
198,https://www.emerson.com/en-us/careers/diversity-and-inclusion
199,https://www.wesco.com/us/en/our-company/careers/inclusion-and-diversity.html
200,https://www.generalmills.com/how-we-make-it/putting-people-first/global-inclusion-diversity
201,https://jobs.tenneco.com/content/Inclusion-Diversity-and-Equity/?locale=en_US
202,https://www.wm.com/us/en/inside-wm/who-we-are/diversity
203,https://www.viatris.com/en/careers/diversity-and-inclusion
204,https://careers.dish.com/about/diversity-inclusion
205,https://www.l3harris.com/company/l3harris-2022-diversity-equity-and-inclusion-annual-report
206,https://dxc.com/us/en/about-us/inclusion-and-diversity
207,https://block.xyz/inclusion
208,https://corporate.goodyear.com/us/en/responsibility/inspiring-culture/diversity-inclusion.html
209,https://www.uber.com/us/en/about/diversity/
210,https://www.colgatepalmolive.com/en-us/dei-home
211,https://www.stanleyblackanddecker.com/impact/people/diversity-equity-inclusion
212,https://www.dupont.com/careers/diversity-and-inclusion.html
213,https://www.stryker.com/content/m/c/2020-comprehensive-annual-report/social-impact/diversity-equity-and-inclusion.html
214,https://www.nexteraenergy.com/sustainability/employees/diversity.html
215,https://www.targaresources.com/sustainability/social
216,https://www.westerndigital.com/company/corporate-responsibility/people/diversity-equity-inclusion
217,https://sustainability.ppg.com/Social/Diversity-Equity-and-Inclusion
218,https://www.aep.com/careers/diversity
219,https://www.gapinc.com/en-us/values/equality-belonging
220,https://www.glassdoor.com/Culture/BJ-s-Wholesale-Club-DEI-E6813.htm
221,https://www.rgare.com/about-rga/our-responsibility/our-culture
222,https://www.kindermorgan.com/Safety-Environment/ESG/Social
223,https://www.oneok.com/about-us/diversity-and-inclusion
224,https://www.comparably.com/companies/expeditors/diversity
225,https://www.amd.com/en/corporate-responsibility/diversity-belonging-inclusion
226,https://www.fiserv.com/en/about-fiserv/diversity-inclusion.html
227,https://www.elcompanies.com/en/our-commitments/inclusion-diversity-equity
228,https://www.bnymellon.com/us/en/about-us/diversity-inclusion.html
229,https://careers.labcorp.com/global/en/diversity
230,https://www.regeneron.com/responsibility/diversity-inclusion
231,https://careers.landolakesinc.com/us/en/inclusion
232,https://www.cheniere.com/csr/team/diversity
233,https://www.southwest.com/citizenship/people/diversity-equity-inclusion/
234,https://www.adobe.com/diversity.html
235,https://www.synchrony.com/diversity.html
236,https://www.corteva.com/who-we-are/inclusion-diversity-equity.html
237,https://www.fidelity.com/about-fidelity/our-company/diversityandinclusion
238,https://careers.dteenergy.com/content/Diversity-and-Inclusion/?locale=en_US
239,https://www.murphyoilcorp.com/diversity-inclusion/
240,https://jobs.halliburton.com/content/Diversity/?locale=en_US
241,https://www.adp.com/resources/diversity-equity-and-inclusion.aspx
242,https://www.edison.com/sustainability/diversity-equity-inclusion
243,https://www.borgwarner.com/careers/who-we-are/diversity-inclusion
244,https://www.nordstrom.com/browse/diversity-at-nordstrom
245,https://talent.lowes.com/us/en/diversity-inclusion
246,https://www.guardianlife.com/about-guardian/inclusion-and-diversity
247,https://www.pxd.com/culture/diversity-inclusion
248,https://autozone.referrals.selectminds.com/info/page3
249,https://newsroom.lamresearch.com/Moving-the-Needle-on-Inclusion-and-Diversity-at-Lam-Research
250,https://www.amfam.com/providing-support/diversity-and-inclusion
251,https://www.itw.com/sustainability/our-people/diversity-inclusion/
252,https://www.parker.com/portal/site/PARKER/menuitem.10cd5ec7157b826a66b049e1237ad1ca/?vgnextoid=46392a270ee5d310VgnVCM100000200c1dacRCRD&vgnextfmt=TR&careerreadmore=19dc01807ac3d310VgnVCM100000200c1dacRCRD&readmore=true&vgnextcat=Diversity+and+Inclusion&relatorId=6fdc01807ac3d310VgnVCM100000200c1dac____
253,https://www.otis.com/en/us/our-company/diversity-and-inclusion
254,https://www.omnicomgroup.com/culture/diversity/
255,https://www.principal.com/sustainability/global-inclusion
256,https://www.dominionenergy.com/our-company/employee-experience/diversity-and-inclusion
257,https://www.kellogg.northwestern.edu/the-experience/diversity-equity-inclusion.aspx
258,https://www.fluor.com/sustainability/dei
259,https://aecom.com/about-us/equity-diversity-inclusion/
260,https://www.rsac.com/our-culture/
261,https://www.jacobs.com/about/inclusion-and-diversity
262,https://www.corning.com/worldwide/en/sustainability/people/diversity.html
263,https://www.farmers.com/diversity-equity-inclusion-belonging/
264,https://www.qurateretailgroup.com/lp/diversity-equity-inclusion/
265,https://www.pacificlife.com/home/corporate-social-responsibility/diversity-equity-inclusion.html
266,https://pultegroupcares.com/diversity-inclusion/
267,https://careers.fisglobal.com/us/en/inclusion-diversity
268,https://www.iqvia.com/about-us/esg/diversity
269,https://www.marriott.com/diversity/diversity-and-inclusion.mi
270,https://www.berryglobal.com/en/sustainability/sustainability-strategy/global-diversity
271,https://www.ball.com/careers/diversity-inclusion
272,https://www.group1auto.com/womens-initiative.html
273,https://www.leidos.com/company/inclusion-and-diversity
274,https://www.aboutwayfair.com/dei
275,https://www.coned.com/en/about-us/diversity
276,https://www.ameriprise.com/about/diversity-equity-inclusion
277,https://my.xcelenergy.com/s/about/company-diversity
278,https://www.comparably.com/companies/o-reilly-auto-parts/diversity
279,https://careers.globalp.com/us/en/diversityandinclusion
280,https://investorrelations.discover.com/newsroom/press-releases/press-release-details/2022/Discover-Releases-Its-First-Diversity-Equity--Inclusion-Report/default.aspx
281,https://www.rocketcompanies.com/our-team/diversity-equity-and-inclusion/
282,https://www.comparably.com/companies/lkq-corporation/diversity
283,https://graingeresg.com/people-and-purpose/diversity-equity-inclusion/
284,https://www.quantaservices.com/diversity-inclusion/
285,https://www.crowncork.com/sustainability/social/diversity-inclusion
286,https://foxcareers.com/LifeAtFox/DiversityandInclusion
287,https://www.sempra.com/performance/high-performing-culture/diversity-and-inclusion
288,https://www.markel.com/insurance/careers-at-markel/diversity-and-inclusion
289,https://www.carvana.com/careers/culture
290,https://www.xpo.com/about-us/dei/
291,https://www.baxter.com/careers/diversity-equity-inclusion
292,https://www.ecolab.com/corporate-responsibility/social/diversity-equity-and-inclusion
293,https://ir.tractorsupply.com/newsroom/news-releases/news-releases-details/2023/Tractor-Supply-Recognized-for-Diversity-and-Inclusion-in-the-Workplace/default.aspx
294,https://www2.andersonuniversity.edu/campus-life/diversity-community-inclusion/
295,https://careers.keurigdrpepper.com/our-culture
296,https://uhs.com/about-uhs/environmental-social-and-governance/our-commitment-to-social-causes/
297,https://www.csx.com/index.cfm/working-at-csx/learn-more-about-csx/diversity-equity-and-inclusion/
298,https://www.henryschein.com/us-en/corporate/diversity.aspx
299,https://ir.sonicautomotive.com/corporate-responsibility/social
300,https://www.ebayinc.com/company/diversity-equity-inclusion/
301,https://www.textron.com/assets/CR/2020/DiversityInclusionBelonging.html
302,https://www.edwardjones.com/us-en/why-edward-jones/about-us/corporate-citizenship/inclusion-diversity-equity-commitments
303,https://www.chs.net/serving-communities/diversity-equity-inclusion/
304,https://www.mosaicco.com/Diversity-and-Inclusion
305,https://www.thorindustries.com/diversityandinclusion
306,https://inclusion.dickssportinggoods.com/
307,https://www.newmont.com/blog-stories/blog-stories-details/2021/Showing-Our-Commitment-to-Equity-and-Inclusion-Through-Action/default.aspx
308,https://www.devonenergy.com/sustainability/workforce/diversity-equity-inclusion
309,https://wbd.com/warner-bros-discovery-announces-diversity-equity-and-inclusion-leadership-team/
310,https://careers.jbhunt.com/culture-and-programs/inclusion
311,https://www.alcoa.com/careers/en/inclusion-diversity
312,https://elgljobs.com/categories/diversity-equity-inclusion/
313,https://careers.aramark.com/diversity-equity-inclusion/
314,https://vistracorp.com/diversity-equity-and-inclusion/
315,https://www.statestreet.com/us/en/asset-manager/about/our-people/global-inclusion-diversity-equity
316,https://www.acpt.unumgroup.com/inclusion-diversity
317,https://sites.allegheny.edu/deanfordiversity/
318,https://www.bostonscientific.com/en-US/careers/working-here/diversity-and-inclusion.html
319,http://www.westlake.com/people-community
320,https://www.entergy.com/about/diversity-inclusion/
321,https://www.iff.com/responsibilities/diversity-equity-inclusion
322,https://careers.davita.com/diversity-belonging
323,https://www.mutualofomaha.com/about/diversity-equity-inclusion
324,https://www.assurant.com/our-story/diversity
325,https://www.libertymedia.com/esg/talent-culture
326,https://www.hormelfoods.com/about/diversity-and-inclusion/
327,https://www.ielp.com/
328,https://www.republicservices.com/sustainability/people
329,https://www.comparably.com/companies/mohawk-industries/diversity
330,https://www.conagrabrands.com/diversity-inclusion
331,http://www.nscorp.com/content/nscorp/en/inclusion-and-diversity.html
332,https://www.aes.org/community/diversity/
333,https://careers.agcocorp.com/content/Diversity-and-Inclusion/?locale=en_US
334,https://www.caesars.com/corporate-social-responsibility/social-programs/investment-in-team-members/diversity-equity-and-inclusion
335,https://equitable.com/about-us/diversity-and-inclusion
336,https://www.advanceautoparts.jobs/page/inclusion
337,https://www.biogen.com/responsibility/diversity-inclusion.html
338,https://www.auto-owners.com/diversity-inclusion
339,https://www.bookingholdings.com/cr-cards/diversity-inclusion-and-belonging-2021/
340,https://amphenol.com/docs/DEI-policy
341,https://www.questdiagnostics.com/our-company/inclusion-diversity
342,https://www.firstenergycorp.com/careers/diversity_inclusion.html
343,https://www.dcpmidstream.com/dcpmidstream/media/DCP/DCP-Sustainability-ReportQ120.pdf
344,https://www.ally.com/about/social-impact/diversity-inclusion/
345,https://www.delekus.com/wp-content/uploads/2020/09/2020-09-24-DEI-Policy-FINAL-website.pdf
346,https://diversity.williams.edu/
347,https://careers.newellbrands.com/us/en/diversity-inclusion
348,https://www.eastman.com/en/who-we-are/inclusion-diversity
349,https://www.airproducts.com/company/diversity
350,https://careers.thrivent.com/diversity-and-inclusion/
351,https://www.molsoncoors.com/diversity
352,https://www.interpublic.com/our-values/diversity-inclusion/
353,https://www.weyerhaeuser.com/company/values/inclusion/
354,https://www.alticeusa.com/diversity-inclusion
355,https://www.raymondjames.com/advisor-opportunities/practice-insights/diversity-and-inclusion
356,https://www.emcorgroup.com/careers/culture
357,https://www.eversource.com/content/residential/about/our-company/diversity-equity-inclusion
358,https://ir.yumchina.com/news-releases/news-release-details/yum-china-joins-ssga-gender-diversity-index
359,https://savoynetwork.com/asbury-automotive-group-advancing-diversity-equity-and-inclusion-in-the-workplace/
360,https://www.owens-minor.com/about/diversity-inclusion/
361,https://corporate.pseg.com/careers/diversityandinclusionpage
362,https://jobs.unitedrentals.com/creative/diversity
363,https://www.mgmresorts.com/en/company/esg/fostering-diversity-equity-and-inclusion/diverse-and-inclusive-culture.html
364,https://ryder.com/careers/working-here/topic-collection/diversity-and-inclusion
365,https://www.intuit.com/company/corporate-responsibility/diversity/
366,https://www.comparably.com/companies/cincinnati-financial/diversity
367,https://www.erieinsurance.com/careers/diversity
368,https://www.univarsolutions.com/diversity-and-inclusion
369,https://huntingtoningalls.com/employees/diversity/
370,https://www.berkleyfs.com/diversity-inclusion/
371,https://www.westernsouthern.com/careers/home-office-careers/culture
372,https://www.insight.com/en_US/about/diversity-and-inclusion.html
373,https://newscorp.com/news-corp-diversity/
374,https://www.americantower.com/us/careers/inclusion.html
375,https://s2.q4cdn.com/382431122/files/doc_downloads/2020/sustainability/ORI-SustainabilityReport-091620.pdf
376,https://www.burlington.com/about/id/
377,https://www.avisbudgetgroup.jobs/en/diversity/
378,https://www.odpbusiness.com/l/prelogin/supplier-diversity
379,https://www.vfc.com/our-company/inclusion-diversity-hidden-98qweyfd9
380,https://bedbathandbeyond.gcs-web.com/news-releases/news-release-details/bed-bath-beyond-continues-commitment-its-esg-strategy-appointing
381,https://www.seaboardcorp.com/culture/
382,https://www.firstam.com/news/2020/faf-diversity-equity-and-inclusion-council-20210211.html
383,https://www.ice.com/about/corporate-responsibility/ratings-research/employees/diversity
384,https://www.pvh.com/company/inclusion-diversity
385,https://www.apollo.com/esg-corporate-social-responsibility/our-esg-initiatives
386,https://www.jefferies.com/DiversityAndInclusion/Diversity-and-Inclusion/2/2797
387,https://www.thehersheycompany.com/en_us/home/sustainability/sustainability-focus-areas/diversity-equity-inclusion.html
388,https://www.nvrdc.org/inclusion-policy
389,https://careers.footlocker.com/us/en/diversity-inclusion
390,https://www.dana.com/careers/inclusion/
391,https://careers.spartannash.com/creative/about-diversity
392,https://www.olin.edu/about/inclusion-diversity-equity-access-idea-olin
393,https://www.comparably.com/companies/chewy/diversity
394,https://www.jackson.com/the-jackson-difference/diversity-and-inclusion.html
395,https://www.activisionblizzard.com/diversity-inclusion
396,https://www.tollbrothers.com/esg/social-diversity-inclusion
397,https://www.carlyle.com/diversity
398,https://www.comparably.com/companies/graybar-electric/diversity
399,https://sustainability.ovintiv.com/social/diversity-equity-and-inclusion/
400,https://www.ufpi.com/sustainability
401,https://www.ulta.com/company/dei
402,https://www.cbrands.com/pages/diversity
403,https://www.expediagroup.com/who-we-are/inclusion-and-diversity/default.aspx
404,https://www.commscope.com/corporate-responsibility-and-sustainability/people/
405,https://www.celanese.com/en/about-us/who-we-are/diversity-equity-inclusion
406,https://www.globalpayments.com/about-us/inclusion-and-diversity
407,https://www.owenscorning.com/en-us/corporate/inclusion-diversity
408,https://careers.campbellsoupcompany.com/us/en/inclusion-diversity
409,https://healthcare.utah.edu/huntsmancancerinstitute/about-us/equity-diversity-inclusion
410,https://www.franklinresources.com/about-us/diversity-inclusion
411,https://www.averydennison.com/en/home/about-us/diversity-and-inclusion.html
412,https://masco.com/diversity-inclusion/
413,https://sustainability.centerpointenergy.com/social-impact/diversity-and-inclusion/
414,https://www.53.com/content/fifth-third/en/personal-banking/about/diversity-at-fifth-third.html
415,https://www.wecenergygroup.com/careers/career_diversity.htm
416,https://www.spglobal.com/en/who-we-are/diversity-equity-inclusion/
417,https://jobs.fmglobalcareers.com/diversity
418,https://www.polaris.com/en-us/empowersports-diverse-riding-council/
419,https://sustainability.williams-sonomainc.com/2020/03/06/innovation-inclusion-equality/
420,https://www.autoliv.com/careers/diversity-and-inclusion
421,https://www.ajg.com/us/about-us/inclusion-diversity/
422,https://www.motorolasolutions.com/en_us/about/diversity-equity-inclusion.html
423,https://www.zillow.com/careers/equity-belonging/
424,https://investor.opendoor.com/static-files/fc735216-90f8-4fd7-a35f-5467e900cd31
425,https://www.jmsmucker.com/about/inclusion-diversity-equity
426,https://www.anywhere.re/commitments
427,https://www.oshkoshcorp.com/story/diversity
428,https://www.mastecnetworksolutions.com/en/about/corporate-social-responsibility.aspx
429,https://gxo.com/about-gxo/dei/
430,https://www.apa.org/about/apa/equity-diversity-inclusion
431,https://www.bc.com/diversity-equity-and-inclusion/
432,https://www.dovercorporation.com/sustainability/social/diversity-and-inclusion
433,https://www.genworth.com/about-us/building-careers/diversity-and-inclusion.html
434,https://www.bbwinc.com/people/diversity-equity-inclusion
435,https://www.boozallen.com/about/diversity-equity-and-inclusion.html
436,https://www.coinbase.com/careers/belonging-at-coinbase
437,https://www.zimmerbiomet.com/en/corporate/zimmer-biomet-commitments.html
438,https://www.wabteccorp.com/sustainability/empowering-people-and-communities
439,https://www.zoetis.com/join-us/diversity-equity-inclusion
440,https://www.packagingcorp.com/filebin/pdf/DoingBusinessWithPCA/Supplier_Diversity_Statement.pdf
441,https://www.lpl.com/about-Us/social-responsibility/diversity-and-inclusion.html
442,https://www.troweprice.com/corporate/us/en/what-sets-us-apart/Diversity-and-inclusion.html
443,https://www.fbin.com/corporate-responsibility/our-communities/diversity-equity-inclusion/
444,https://s2.q4cdn.com/194594550/files/doc_downloads/sustainability/Casey's-(ESG-Report-2022).pdf
445,https://www.amark.com/esg
446,https://www.hess.com/sustainability/diversity-and-inclusion
447,https://www.vrtx.com/careers/inclusion-diversity-and-equity
448,https://www.key.com/about/diversity/diversity-and-inclusion.html
449,https://newsroom.chipotle.com/featured-content?item=24
450,https://www.consumersenergy.com/company/careers/diversity-and-inclusion
451,https://www.arconic.com/diversity-equity-inclusion
452,https://newsroom.taylormorrison.com/2023-02-16-Taylor-Morrison-Introduces-Board-Fellowship-to-Increase-Diversity-Among-Public-Companies
453,https://www.afginc.com/about-us/corporate-social-responsibility
454,https://www.ugi.com/blog/ugi-advances-its-belonging-inclusion-diversity-equity-imperative/
455,https://www.saic.com/who-we-are/life-at-saic/diversity-equity-and-inclusion
456,https://www.avantorsciences.com/pages/en/diversity-equity-and-inclusion
457,https://hbisustains.com/diversity-inclusion/
458,https://www.thecloroxcompany.com/company/idea/
459,https://www.kbr.com/en/who-we-are/our-people/inclusion-and-diversity
460,https://cstoredecisions.com/2020/06/24/travelcenters-of-america-ceo-commits-to-diversity-and-inclusion-in-letter-to-employees/
461,https://www.hertz.com/rentacar/b2b/diversityOverview-b2b
462,https://www.analog.com/en/company/environment-social-governance/focus-areas/diversity-inclusion.html
463,https://www.securian.com/about-us/diversity-inclusion.html
464,https://www.darden.com/our-impact/team-members/ensuring-an-inclusive-and-diverse-culture
465,https://investors.graphicpkg.com/esg/default.aspx
466,https://www.ncr.com/about/esg/diversity-equity-inclusion
467,https://www.brighthousefinancial.com/about-us/corporate-responsibility/
468,https://www.pplweb.com/sustainability/social-responsibility/diversity-equity-inclusion/
469,https://www.cintascares.com/diversity-and-inclusion/
470,https://www.xerox.com/en-us/jobs/diversity
471,https://www.rockwellautomation.com/en-us/company/about-us/sustainability/culture-inclusion-diversity.html
472,https://www.citizensbank.com/diversity-equity-and-inclusion/default.aspx
473,https://www.kla.com/company/inclusion-diversity
474,https://www.campingworldjobs.com/social-responsibility/diversity-in-hiring.aspx
475,https://www.ingredion.com/na/en-us/company/meet-ingredion/diversity-equity-inclusion.html
476,"https://www.glassdoor.com/FAQ/Veritiv-Diversity-And-Inclusion-Questions-EI_IE833033.0,7_KC8,31.htm"
477,https://www.becn.com/corporate-responsibility/social
478,https://www.diamondbackenergy.com/news-releases/news-release-details/diamondback-energy-inc-releases-2022-corporate-sustainability
479,https://www.victoriassecretandco.com/corporate-responsibility/inclusion/our-diversity-equity-and-inclusion-strategy
480,https://www.comparably.com/companies/academy-sports-outdoors/diversity
481,https://www.sanmina.com/careers/our-culture/
482,https://www.onsemi.com/company/environmental-social-and-governance/diversity-equity-and-inclusion
483,https://esg.cmc.com/social/
484,https://sustainability.enlink.com/diversity-equity-and-inclusion/
485,https://ir.swn.com/CorporateProfile/press-releases/news-details/2022/Southwestern-Energy-Releases-Ninth-Annual-Corporate-Responsibility-Report/default.aspx
486,https://sustainability.equinix.com/social/building-a-diverse-and-inclusive-culture/
487,https://careers.dillards.com/Careers/information/diversity
488,https://www.regions.com/about-regions/diversity-equity-inclusion
489,https://www.yum.com/wps/portal/yumbrands/Yumbrands/citizenship-and-sustainability/people/equity-inclusion-and-belonging
490,https://www.landstar.com/corporate-information/corporate-responsibility/network/
491,https://www.cfindustries.com/globalassets/cf-industries/media/documents/reports/ide-reports/cf-industries-2022-inclusion-diversity-equity-report.pdf
492,https://www.northerntrust.com/united-states/about-us/corporate-social-responsibility/diversity-and-inclusion
493,https://www.roberthalf.com/about-robert-half/environmental-social-governance/diversity-commitment
494,https://www.compass.com/diversity-inclusion/
495,https://csr.hasbro.com/en-us/diversity-inclusion
496,https://ropercorp.com/about/inclusion-diversity/
497,https://www.salary.com/research/salary/employer/arko-corp/diversity-equity-and-inclusion-specialist-v-salary
498,https://frontier.com/~/media/corporate/suppliers/pdf/Supplier%20Diversity.ashx?la=en
499,https://www.ameren.com/company/careers/diversity
500,https://www.o-i.com/sustainability/diversity-and-inclusion/
501,https://www.chemours.com/en/careers/diversity-inclusion
502,https://www.crowncastle.com/esg/social
503,https://www.agilent.com/about/diversity-and-inclusion/en/index.html
504,"https://www.mccormickcorporation.com/en/responsibility/purpose-led-performance/esg-issues/social,-people-and-communities/diversity-equity-and-inclusion"
505,https://www.comparably.com/companies/skecher/diversity
506,https://investors.watsco.com/static-files/da132c80-d459-42d8-ba28-86c0ce35cd57
507,https://www.livenationentertainment.com/2020/07/live-nations-diversity-commitments/
508,https://shop.lululemon.com/story/inclusion-diversity-equity-action
509,https://www.abm.com/about/corporate-sustainability/sustainability-at-abm/our-people/
510,https://www.postholdings.com/responsibility/social/diversity-equity-and-inclusion/
511,https://dei.moodys.io/
512,https://www.selectmedical.com/-/media/project/selectmedical/dotcom/usa/pdf/sm-diversity-and-inclusion-report-04-2022.pdf?t=20220405125212
513,https://news.alaskaair.com/diversity-equity-and-inclusion/dei-progress-feb-2022/
514,https://www.comparably.com/companies/big-lots/diversity
515,http://diversity411.com/diversity/supplier-diversity-portals/amkor-technology-inc-supplier-diversity-program/
516,https://sbgi.net/investor-relations/corporate-responsibility/social/
517,https://sustainability.rpminc.com/media/1248/diversity-and-inclusion-policy-4-23.pdf
518,https://www3.mtb.com/careers/diversity-inclusion
519,https://www.comparably.com/companies/sprouts-farmers-market/diversity
520,https://www.huntington.com/About-Us/dei
521,https://www.caci.com/diversity-inclusion
522,https://www.jetblue.com/our-company/diversity
523,https://www.svb.com/about-us/living-our-values/diversity-equity-inclusion
524,https://www.fastenal.com/fast/services-and-solutions/supplier-diversity
525,https://careers.gamestop.com/us/en/culture
526,https://investor.knight-swift.com/news/news-details/2021/Knight-Swift-Transportation-Holdings-Inc.-Issues-Sustainability-Report/default.aspx
527,https://www.airbnb.com/resources/hosting-homes/t/diversity-inclusion-41
528,https://esg.patenergy.com/Social/Diversity-Inclusion-and-Respect/
529,https://www.pennentertainment.com/corp/esg-resources/diversity-equity-and-inclusion
530,https://www.servicenow.com/company/diversity-equity-inclusion.html
531,https://www.nasdaq.com/about/diversity-equity-culture
532,https://www.brunswickgroup.com/what-we-do/practice-groups/diversity-equity-inclusion/
533,https://www.resideo.com/us/en/corporate/about/careers/
534,https://sustainability.chk.com/social/dei/
535,https://esg.petco.com/web/people
536,https://kempersports.com/diversity-inclusion/
537,https://www.hilton.com/en/corporate/wp-content/uploads/2019/11/20190225_External-Diversity-Brochure.pdf
538,https://www.cerner.com/newsroom/cerner-recognized-as-a-leader-in-diversity
539,https://www.levistrauss.com/work-with-us/life-at-lsco/diversity-inclusion/
540,https://www.tapestry.com/responsibility/our-people/
541,https://www.netapp.com/esg/diversity-inclusion-belonging/
542,https://investor.kbhome.com/environmental-social-and-governance-esg/social/overview/default.aspx
543,https://www.clr.com/environmental-social-and-governance-esg/diversity-equity-inclusion/
544,https://www.intuitive.com/en-us/about-us/company/inclusion-diversity
545,https://about.underarmour.com/en/Purpose/diversity-equity-inclusion.html
546,https://jobs.mdu.com/Diversity.aspx?open=DiversityStatement
547,https://www.silganholdings.com/sustainability/default.aspx
548,https://www.ryerson.com/ourcompany/careers/diversityandinclusion
549,https://www.irco.com/en-us/company/at-our-core/diversity-and-inclusion
550,https://www.hologic.com/about/sustainability/culture-society
551,https://www.ea.com/commitments/inclusion-and-diversity
552,https://www.zebra.com/us/en/about-zebra/careers/inclusion-diversity.html
553,https://www.coty.com/sustainability/beauty-of-our-people
554,https://schneider.com/company/about/diversity-and-inclusion
555,https://www.sonoco.com/about/diversity-equity-inclusion-council
556,https://jobs.concentrix.com/global/en/diversityandinclusion
557,https://www.evergy.com/about-evergy/diversity-equity-inclusion
558,https://investors.cornerstonebuildingbrands.com/news/news-details/2022/Cornerstone-Building-Brands-Signs-CEO-Action-for-Diversity--Inclusion-Commitment/default.aspx
559,https://www.coca-colacompany.com/social-impact/diversity-and-inclusion
560,https://www.greif.com/sustainability-2021/sustainability-strategies/valuing-our-people/diversity-equity-inclusion/
561,https://www.vulcanmaterials.com/careers/diversity-and-inclusion
562,https://investors.ametek.com/static-files/7faf9f70-89a6-4fe7-8c70-9a85f22c45c2
563,https://www.monsterbevcorp.com/diversity-inclusion.php
564,https://sealedair.com/company/our-company/diversity-equity-and-inclusion/
565,https://www.nov.com/careers/diversity
566,https://www.sands.com/responsibility/people/
567,https://www.martinmarietta.com/about-us/inclusion-and-diversity
568,https://www.marathonoil.com/sustainability/safety-and-workforce/diversity-equity-and-inclusion/
569,https://corporate.mattel.com/diversity-equity-and-inclusion
570,https://www.microchip.com/en-us/about/careers/our-commitment-to-diversity
571,https://www.ceoaction.com/actions/diverse-and-inclusive-workplace/
572,https://www.tdsinc.com/careers/diversity-and-inclusion/default.aspx
573,https://jobs.adt.com/diversity-2/
574,https://www.firstrepublic.com/-/media/frb/documents/pdfs/careers/dei-one-pager.pdf
575,https://www.wmg.com/news/warner-music-group-announces-global-diversity-equity-and-inclusion-institute-and-commitments
576,https://www.usaswimming.org/resource-center/diversity-equity-inclusion
577,https://ir.odfl.com/corp-responsibility/equal-opportunity-employment
578,https://www.fortive.com/inclusion
579,https://www.glassdoor.com/Culture/MDC-Holdings-DEI-E4297172.htm
580,https://www.nglenergypartners.com/
581,https://www.edwards.com/careers/about-us/diversity-and-inclusion
582,https://www.hanover.com/why-hanover/our-corporate-commitment/inclusion-diversity-and-equity
583,https://www.syneoshealth.com/culture-diversity-and-inclusion
584,https://www.xylem.com/en-us/careers/diversity-and-inclusion/
585,https://careers.churchdwight.com/our-diversity/
586,https://careers.aam.com/us/en/diversity
587,https://investors.meritagehomes.com/news-events-presentations/press-releases/detail/325/meritage-homes-announces-commitments-to-advance-diversity
588,https://www.workday.com/en-us/company/about-workday/belonging-and-diversity.html
589,https://www.rushenterprises.com/our-story/culture-and-values
590,https://www.myyellow.com/us/en/careers/diversity
591,https://nursing.encompasshealth.com/wp-content/themes/encompass-health/assets/build/2020-DEI-Annual-Report.pdf
592,https://4b9118b50a55a9856ed2-ab0b3e21abf42a19a0f4b13380c96a9c.ssl.cf1.rackcdn.com/Simon%20Property%20Group%20-%20Diversity%20&%20Inclusion%20Policy%20Jan%202023%20Update.pdf
593,https://home.globelifeinsurance.com/press-releases/2019/november-2019/globe-life-honored-by-women-s-forum-of-new-york-fo
594,https://www.skyworksinc.com/Careers/Culture-and-Diversity
595,https://www.endeavorco.com/responsibility/
596,https://blog.twitter.com/en_us/topics/company/2022/inclusion-diversity-equity-accessibility-accessibility-October-20222
597,https://leggett.com/careers/ide
598,https://www.westernunion.com/blog/en/western-union-recognized-for-diversity-equity-and-inclusion-best-practices/
599,https://www.perkinelmer.com/corporate/careers/diversity-perkinelmer.html
600,https://www.ssctech.com/careers/who-we-are
601,https://www.cunamutual.com/about-us/diversity-equity-inclusion
602,https://www.fmc.com/en/sustainability/sustainability/diversity-equity-inclusion
603,https://www.carlisleit.com/about-us/opportunity-diversity-inclusion/
604,https://www.aeo-inc.com/inclusion-diversity/
605,https://jobs.coreandmain.com/diversity-inclusion-and-belonging
606,https://www.vertiv.com/en-emea/about/careers/diversity--inclusion/
607,https://www.broadridge.com/about/diversity-equity-inclusion/
608,https://www.ingles-markets.com/corporate/cg1/main/diversity-and-inclusion-statement
609,https://www.tpg.com/engagement/diversity-equity-inclusion/
610,https://www.insperity.com/?p=324758
611,https://www.howmet.com/diversity-equity-inclusion/
612,https://www.rrd.com/about/commitments/diversity-inclusion
613,https://www.keysight.com/us/en/about/diversity.html
614,"https://www.glassdoor.com/FAQ/Tempur-Sealy-International-Diversity-And-Inclusion-Questions-EI_IE26592.0,26_KC27,50.htm"
615,https://scottsmiraclegro.com/careers/our-culture/diversity-inclusion/
616,https://www.equifax.com/about-equifax/culture-careers/inclusion-diversity/
617,https://www.kellyservices.com/global/our-impact/dei/
618,https://www.nisource.com/company/diversity-equity-inclusion
619,https://www.onemainfinancial.com/about-us/diversity-and-inclusion
620,https://careers.doordash.com/news/diversity-equity-and-inclusion-at-doordash
621,https://www.avient.com/company/sustainability/people/inclusion-diversity
622,https://sandersonfarms.com/blog/diverse-perspectives/
623,https://www.transdigm.com/wp-content/uploads/2021/02/TransDigm-2020-Stakeholder-Report-FINAL.pdf
624,https://www.stifel.com/careers/diversity-and-inclusion
625,https://www.esg.jeld-wen.com/ouresgstory/diversity-inclusion
626,https://www.aresmgmt.com/about-ares-management-corporation/impact/inclusion-diversity
627,https://www.elanco.com/en-us/careers/why-work-for-elanco/diversity-inclusion
628,https://www.prologis.com/sustainability/social-responsibility
629,https://welltower.com/esg/social/
630,https://www.darlingii.com/about-us/diversity
631,https://www.juniper.net/us/en/company/inclusion-diversity.html
632,https://www.gartner.com/en/human-resources/insights/diversity-equity-inclusion
633,https://www.parpacific.com/about-us/who-we-are/diversity-inclusion
634,https://www.hubbell.com/hubbell/en/social
635,https://www.cmegroup.com/careers/cme-group-diversity-and-inclusion.html
636,https://www.nexstar.tv/corporate-social-responsibility/
637,https://www.tutorperini.com/careers/diversity-inclusion/
638,https://www.anteroresources.com/investors/corporate-governance/governance-documents
639,https://www.teledyne.com/en-us/About-Us/Documents/Teledyne%20Our%20People%20Equal%20Opportunity%20Commitment%20Workplace%20Demographics.pdf
640,https://diversity.snap.com/
641,https://raccareers.com/diversity/
642,https://northamerica.covetrus.com/about-us/careers/diversity-and-inclusion
643,https://esg.crestwoodlp.com/Our-ESG-Commitments/Social-Responsibility/Building-an-Inclusive-Workplace/
644,https://lpcorp.com/about-lp/sustainability/our-people/diversity-equity-inclusion
645,https://www.urbn.com/diversity-and-inclusion
646,https://www.pennmutual.com/in-the-community/diversity-and-racial-equality
647,https://www.amerco.com/
648,https://www.trinet.com/dei
649,https://www.comparably.com/companies/sentry-insurance/diversity
650,https://www.illumina.com/company/about-us/corporate-social-responsibility/diversity-equity-inclusion.html
651,https://www.ironmountain.com/resources/multimedia/i/inclusion-and-diversity-at-iron-mountain
652,https://www.lcindustries.com/
653,https://www.marvell.com/company/esg/social.html
654,https://nationalmortgageprofessional.com/news/honoring-mortgage-industrys-2023-diversity-leaders
655,https://www.digitalrealty.com/about/esg/diversity-equity-inclusion
656,https://www.treehousefoods.com/esg/2025-goals/default.aspx
657,https://careers.ralphlauren.com/CareersCorporate/DiversityAndInclusion
658,https://newsroom.mattressfirm.com/press/mattress-firm-announces-recipients-of-10000-inaugural-diversity-equity-and-inclusion-scholarships/
659,https://www.americannational.com/wps/portal/an/home/info/diversity
660,https://www.autodesk.com/company/diversity-and-belonging
661,https://static1.squarespace.com/static/5bd052c7c46f6d0e23b11afb/t/60f02f48bf9aec2111b16280/1626353480982/DMP+-+Diversity+and+Inclusion+Policy+-+final.pdf
662,https://asgn.com/sites/default/files/2022-03/Board-Diversity-Policy-ASGN.pdf
663,https://www.flowersfoods.com/corporate-responsibility
664,https://www.comparably.com/companies/bluelinx-holdings/diversity
665,https://www.paloaltonetworks.com/about-us/inclusion-diversity
666,https://maximus.com/DEI
667,https://www.dentsplysirona.com/en-us/company/our-company/diversity-inclusion.html
668,https://www.hubinternational.com/blog/2020/07/diversity-equity-and-inclusion-at-work/
669,https://www.voya.com/about-us/our-character/diversity-equity-and-inclusion
670,https://newsroom.breadfinancial.com/meet-the-BLAC-BRG
671,https://jobs.weismarkets.com/working-here/diversity
672,https://investors.centurycommunities.com/ESG/
673,https://www.synopsys.com/careers/inclusion-diversity.html
674,https://us.brinks.com/corporate/sustainability
675,https://www.lennoxinternational.com/about/diversity-inclusion/
676,https://www.sci-corp.com/about/our-people
677,https://www.conduent.com/diversity-and-inclusion/
678,https://www.timken.com/resources/diversity-inclusion-associate-resources/
679,https://www.domtar.com/en/how-we-work/our-people/diversity-inclusion
680,https://www.bloominbrands.com/diversity-equity-inclusion
681,https://www.cnoinc.com/en/corporate-responsibility/diversity-equity-and-inclusion
682,https://diversity.snap.com/
683,https://www.comparably.com/companies/zoom-video-communications/diversity
684,https://ir.patrickind.com/esg
685,https://www.paychex.com/worx/workplace-inclusion-and-diversity
686,https://www.atlasairworldwide.com/esg-pages/social/
687,https://brighthealthgroup.com/
688,https://www.comparably.com/companies/peloton/diversity
689,https://www.countryfinancial.com/en/about-us/who-we-are/diversity-and-inclusion.html
690,https://www.qorvo.com/careers/diversity-inclusion
691,https://www.catalent.com/about-us/diversity-inclusion/
692,https://www.mercuryinsurance.com/about/supplier-diversity.html
693,https://www.amnhealthcare.com/about/diversity-equality-and-inclusion/
694,https://investors.tripointehomes.com/investors/investor-news/investor-news-details/2022/Great-Place-to-Work-Names-Tri-Pointe-Homes-as-One-of-Fortunes-Best-Workplaces-for-Women-in-2022/default.aspx
695,https://arcb.com/investor-relations/ethics-and-integrity/diversity
696,https://jobs.thetorocompany.com/diversity-and-inclusion
697,https://www.spiritaero.com/company/diversity-equity-inclusion/overview/
698,https://www.comparably.com/companies/align-technology/diversity
699,https://www.glassdoor.com/Culture/loanDepot-DEI-E375743.htm
700,https://www.apigroupinc.com/about-us/diversity-equity-inclusion
701,https://www.awwa.org/Membership-Volunteering/Diversity-Center
702,https://www.matson.com/sustainability/human-capital.html
703,https://www.dieboldnixdorf.com/en-us/about-us/diversity-inclusion/
704,https://www.marriottvacationsworldwide.com/our-culture/
705,https://www.terex.com/en/about/our-team-our-workplace-our-communities/diversity-inclusion
706,https://www.sallybeautyholdings.com/our-company/diversity-inclusion-and-belonging
707,https://enovis.com/news-events/newsweek-names-enovis-as-one-of-americas-greatest-workplaces-for-diversity-2023/
708,https://inclusioncoalition.info/
709,https://www.meritor.com/en/about/corporate-responsibility/diversity
710,https://www.ventasreit.com/corporate-responsibility/people
711,https://careers.godaddy.com/diversity
712,https://www.regalrexnord.com/about-regal/careers/diversity-engagement-and-inclusion
713,https://www.pse.com/en/pages/diversity-at-pse
714,https://www.cleanharbors.com/about-us/diversity
715,https://www.pinnaclewest.com/corporate-responsibility/social/default.aspx
716,https://life.exprealty.com/one-exp/
717,https://www.glassdoor.com/Culture/Mueller-DEI-E828465.htm
718,https://stories.wynnlasvegas.wynnorigins.com/stories/eight-takeaways-from-diversity-wee/
719,https://www.comparably.com/companies/restoration-hardware/diversity
720,https://www.epam.com/about/who-we-are/corporate-responsibility/social-responsibility/social.html
721,https://investors.meritagehomes.com/news-events-presentations/press-releases/detail/325/meritage-homes-announces-commitments-to-advance-diversity
722,https://investors.generac.com/static-files/edaf815c-9f4f-4453-8b1e-0f61f9175255
723,https://www.mt.com/dam/sustainability/diversity-inclusion/MT_Diversity_and_Inclusion_Policy.pdf
724,https://corporate.abercrombie.com/af-cares/diversity
725,https://www.teradyne.com/company/corporate-social-responsibility/social/
726,https://www.youtube.com/watch?v=LMKvjtlMurI
727,https://www.swgas.com/1409205414440/2021-supplier-diversity-report.pdf
728,https://www.pitneybowes.com/us/our-company/esg/diversity-and-inclusion.html
729,https://www.linkedin.com/in/ashley-t-52640335?trk=public_profile_browsemap
730,https://www.alliantenergy.com/aboutus/whoweare/ourdiversitycommitment
731,https://blog.resolutefp.com/2019/03/our-commitment-to-diversity-and-inclusion/
732,https://www.parsons.com/diversity-equity-inclusion/
733,https://www.trimble.com/en/our-commitment/people-and-planet/dei-overview
734,https://www.oge.com/wps/portal/ord/who-we-are/our-culture/diversity/
735,https://www.garrettmotion.com/corporate/garrett-thought-articles/
736,https://www.winnebagoind.com/responsibility/inclusion
737,https://www.ciena.com/about/cienalife
738,https://investors.pricesmart.com/sites/pricesmart/files/code-of-ethics-fulllayout-en-2019.pdf
739,https://advantagesolutions.net/diversity-equity-inclusion/
740,https://www.hrblock.com/tax-center/newsroom/around-block/our-purpose/gender-and-diversity-alliance/
741,https://www.iheartmedia.com/Documents/ESG/iHeartMedia.pdf
742,https://www.supermicro.com/about/careers/jobs/NC18121.html
743,https://www.flowserve.com/en/about-flowserve/company/culture/
744,https://www.criver.com/about-us/about-us-overview/our-commitment-equality
745,https://www.aosmith.com/About/Sustainability/A-Good-Place-to-Work/
746,https://www.rithmcap.com/about/
747,https://www.medmutual.com/About-Medical-Mutual/Diversity-Equity-and-Inclusion.aspx
748,https://www.graniteconstruction.com/company/inclusive-diversity
749,https://www.jobzmall.com/valmont-industries/faqs/is-there-a-diversity-and-inclusion-policy-at-valmont-industries
750,https://www.spragueenergy.com/
751,https://benefits.prim.com/diversity-and-inclusion
752,https://www.cboe.com/insights/posts/our-people-cboes-diversity-and-equality-champions/
753,https://www.carters.com/our-inclusive-culture.html
754,https://www.glassdoor.com/Culture/TopBuild-DEI-E1092703.htm
755,https://www.siteone.com/en/diversity
756,https://www.glassdoor.com/Culture/Texas-Roadhouse-DEI-E18664.htm
757,https://www.akamai.com/careers/inclusion-diversity-and-engagement
758,https://www.acuitybrands.com/who-we-are/diversity-equity-inclusion
759,https://www.brown-forman.com/diversity-inclusion
760,https://www.navient.com/social-responsibility/social/
761,https://www.coterra.com/who-we-are/
762,https://optioncarehealth.com/careers/where-we-stand
763,https://careers.flooranddecor.com/culture
764,https://www.publicstorage.com/blog/public-storage/at-public-storage-our-values-attract-diversity-and-foster-inclusion
765,https://www.cabotcorp.com/company/about-cabot/diversity-and-inclusion
766,https://www.craneco.com/about/philanthropy-sustainability-equality/equality/
767,https://www.atmosenergy.com/careers/atmospirit-culture/
768,https://www.selective.com/about-selective/diversity-equity-and-inclusion
769,https://www.take2games.com/diversity-statement
770,https://www.boydgaming.com/company/diversity
771,https://www.plexus.com/en-us/sustainability/diversity-and-inclusion
772,https://www.scansource.com/about/press-releases/2020/scansource-reaffirms-commitment-to-diversity-and-inclusion-with-creation-of-dedicated-program
773,https://www.franchise.org/blog/diversity-and-inclusion-in-franchising
774,https://www.lincolnfinancial.com/public/aboutus/companyoverview/ourstrategy/diversityinclusion
775,https://www.crossamericapartners.com/about/environmental-social-governance
776,https://www.mrcooper.com/blog/dei/
777,https://www.fortinet.com/content/dam/fortinet/assets/legal/fortinet-diversity-inclusion-report.pdf
778,https://www.brinkerjobs.com/diversity-and-inclusion/
779,https://www.albemarle.com/careers/diversity-equity-and-inclusion
780,https://www.peabodyenergy.com/Work-With-Us/Inclusion-Diversity
781,https://explore.lnw.com/about/social-responsibility/dei/
782,https://www.evercore.com/diversity-page/
783,https://www.stewart.com/en/about-stewart/sustainability.html
784,https://www.central.com/about-us/what-we-stand-for
785,https://www.bumc.bu.edu/gms/students/dei/
786,https://www.hbfuller.ph/en/asia-pacific/sustainability/human-rights-and-workforce/diversity-and-inclusion
787,https://www.salary.com/research/salary/employer/middleby-corp/diversity-equity-and-inclusion-director-salary
788,https://www.regi.com/about/our-company/inclusion-and-diversity
789,https://jobs.mscdirect.com/content/Inclusion/?locale=en_US
790,https://www.vishay.com/en/company/who-we-are/
791,https://www.applied.com/supplier-diversity
792,https://sustainability.lincolnelectric.com/diversity-equity-and-inclusion.html
793,https://www.firsthorizon.com/First-Horizon-Corporation/Careers/Diversity-and-Inclusion
794,https://careers.spirit.com/diversity-and-inclusion
795,https://www.aptar.com/careers/diversity-equity-inclusion/
796,https://www.citrix.com/about/diversity-inclusion/
797,https://www.idexx.com/en/about-idexx/commitment-statement-diversity-equity-inclusion/
798,https://www.tetratech.com/en/diversity-and-inclusion-at-tetra-tech
799,https://lyft.com/diversity
800,https://www.gannett.com/workforce-diversity/
801,https://www.resmed.com/en-us/diversityandinclusion/
802,https://www.designerbrands.com/about-us/diversity-inclusion/
803,https://www.ghco.com/management-approach
804,https://www.glassdoor.com/FAQ/Vroom-Question-FAQ200086-E980357.htm
805,https://www.worthingtonindustries.com/careers/dei
806,https://diversityjobs.com/employer/company/32645/Calumet-Specialty-Products-Partners-L-P
807,https://www.xilinx.com/about/corporate-responsibilities.html
808,https://www.transunion.com/about-us/diversity-equity-inclusion
809,https://www.travelandleisureco.com/esg-commitment/inclusion-and-diversity
810,https://firsttee.org/2022/12/13/topgolf-callaway-brands-and-first-tee-expand-partnership-to-reach-more-young-people-from-all-backgrounds/
811,https://careers.dycomind.com/life
812,https://www.columbiasportswearcompany.com/our-company/inclusion-diversity/
813,https://www.coherent.com/careers/diversity
814,https://careers.changehealthcare.com/diversity
815,https://www.groceryoutlet.com/equity-diversity-inclusion
816,https://www.amcnetworks.com/diversity-equity-inclusion/
817,https://hyster-yalecareers.com/wp-content/uploads/Hyster-Yale-Philosophy-Diversity-and-Inclusion1.pdf
818,https://www.championx.com/careers/diversity-and-inclusion/
819,https://comfortsystemsusa.com/wp-content/uploads/Comfort-Systems-USA-Supplier-Diversity-Policy.pdf
820,https://esg.eqt.com/social/talent-attraction-and-retention/
821,https://www.bbinsurance.com/about-us/diversity-inclusion-belonging/
822,https://www.comparably.com/companies/lgi-homes/diversity
823,https://about.hyatt.com/en/inclusion-diversity1.html
824,https://www.comerica.com/diversity
825,https://www.energizerholdings.com/careers/our-culture-diversity
826,https://www.hillrom.it/en/about-us/company-overview/diversity-inclusion-and-belonging/
827,https://www.rackspace.com/blog/world-day-diversity-inclusion-belonging-company-culture
828,https://www.verisk.com/about/inclusion-diversity-belonging/
829,https://www.spectrumbrands.com/about-us/our-company/diversity-equity-and-inclusion.html
830,https://www.comparably.com/companies/euronet-worldwide/gender
831,https://www.tegna.com/careers/diversity-and-inclusion/
832,https://www.vontier.com/who-we-are
833,https://www.cadence.com/en_US/home/company/culture/diversity.html
834,https://www.incyte.com/culture-and-careers/inclusion
835,https://ir.mtch.com/news-and-events/press-releases/press-release-details/2021/Match-Group-Names-Jennifer-Zephirin-As-First-Ever-Head-of-Diversity-Equity-and-Inclusion/default.aspx
836,https://csr.valvoline.com/people
837,https://www.enersys.com/en/about-us/diversity-equity-and-inclusion/
838,https://www.avaya.com/en/about-avaya/diversity-and-inclusion/
839,https://uwm.edu/diversity-equity-inclusion/
840,https://careers.zionsbank.com/moreinfo/Diversity
841,https://www.quad.com/about/esg/social
842,https://www.mks.com/diversity-and-inclusion
843,https://www.comparably.com/companies/arista-networks/diversity
844,https://www.interactivebrokers.com/en/general/about/sustainability.php
845,https://csr.rangeresources.com/employee-engagement/diversity-equity-inclusion/
846,https://www.atkore.com/careers/our-culture/
847,https://www.comparably.com/companies/the-cheesecake-factory/diversity
848,https://www.firstsolar.com/en/Responsible-Solar/Social
849,https://careers.bio-rad.com/diversity-and-inclusion
850,https://www.coopercos.com/diversity-inclusion/
851,https://envistaco.com/en/diversity-inclusion
852,https://careers.alight.com/us/en/diversity-inclusion
853,https://www.nmrk.com/diversity-and-inclusion
854,https://www.connection.com/content/careers/diversity-students
855,https://www.hosthotels.com/News/Corporate-Responsibility/2022/Host-is-a-Founding-Donor-of-Nareits-DDEI-Giving-Campaign
856,https://www.bxp.com/news/bxp-announces-new-esg-achievements-and-initiatives
857,https://www.westernmidstream.com/focusing-on-people/
858,https://www.magellanlp.com/Careers/Diversity.aspx
859,https://hillenbrand.com/careers/dei/
860,https://www.donaldson.com/en-us/about-us/careers/why-donaldson/
861,https://www.moog.com/sustainability/social/diversity.html
862,https://www.hei.com/sustainability/esg-report/default.aspx
863,https://www.comparably.com/companies/five-below/diversity
864,https://www.twilio.com/en-us/company/diversity
865,https://corporate.univision.com/wp-content/uploads/2021/05/Univision2020CSRReport.pdf
866,https://www.annaly.com/careers/diversity-and-inclusion
867,https://www.fleetcor.com/news-releases/news-release-details/fleetcor-ergs-create-inclusive-culture
868,https://www.westpharma.com/about-west/corporate-responsibility/diversity
869,https://gpreinc.com/wp-content/uploads/2022/04/Green-Plains_SR_2021.pdf
870,https://www.crackerbarrel.com/diversity-and-inclusion
871,https://s21.q4cdn.com/422114427/files/doc_downloads/charters/2022/Virtu-Diversity-Committee-Charter-2021.pdf
872,https://investors.teleflex.com/news/news-details/2022/Teleflex-Named-to-Forbes-Best-Employers-for-Diversity-2022-List/default.aspx
873,https://www.comparably.com/companies/zynga/diversity
874,https://quizlet.com/597535197/inclusion-equity-and-diversity-flash-cards/
875,https://www.applovin.com/esg/
876,https://www.waters.com/nextgen/us/en/about-waters/environmental-social-and-governance/diversity-equity-and-inclusion.html
877,https://www.mutualofamerica.com/
878,https://khov.gcs-web.com/static-files/36bfea3b-3245-4ba4-8a66-f37155ccd095
879,https://www.amica.com/en/about-us/diversity-equity-inclusion.html
880,https://www.caleres.com/about/our-people
881,https://www.fticonsulting.com/about/diversity-and-inclusion
882,https://www.overstock.com/esg/diversity
883,https://www.visteon.com/careers/diversity/
884,https://www.salary.com/research/salary/employer/g-iii-apparel-group-ltd-de/diversity-equity-and-inclusion-specialist-iii-salary
885,https://www.itt.com/our-people/diversity-equity-and-inclusion
886,https://www.idexcorp.com/about-idex/inclusion-diversity/
887,https://blog.vantagecircle.com/diversity-and-inclusion-trends/
888,https://www.roku.com/about/diversity-equity-and-inclusion
889,https://www.schnitzersteel.com/company/about-schnitzer/diversity-inclusion
890,https://careers.brookdale.com/en/culture.html
891,https://www.werner.com/blog/celebrating-diversity-equity-and-inclusion-at-werner-enterprises/
892,https://www.pillsburylaw.com/en/news-and-insights/reit-citizenship-and-the-impact-of-americold-realty-trust-on.html
893,https://www.skywest.com/skywest-airline-jobs/equal-opportunity-employer
894,https://www.primerica.com/public/corporate-diversity-equality-inclusion.html
895,https://www.mcafee.com/en-us/consumer-corporate/inclusion-diversity.html
896,https://www.comparably.com/companies/nu-skin-enterprises/diversity
897,https://www.comparably.com/companies/copart/diversity
898,https://www.businesswire.com/news/home/20210311005526/en/Prog-Holdings-Makes-50000-Donation-to-Diversity-Centric-Charity-Partners
899,https://www.splunk.com/en_us/careers/diversity.html
900,https://www.mrcglobal.com/diversity/
901,https://www.stericycle.com/en-us/about-us/social-responsibility/diversity-equity-inclusion
902,https://www.comparably.com/companies/maxim-integrated/diversity
903,https://investor.ensigngroup.net/static-files/c1b239d4-3adf-4994-a2f4-14e529bd9f81
904,https://sm-energy.com/about-us/culture-and-priorities/
905,https://www.kaiseraluminum.com/community-environment/policies/
906,https://www.federatedinsurance.com/diversity-and-inclusion
907,https://www.f5.com/company/diversity-inclusion
908,https://www.steelcase.com/discover/steelcase/esg-overview/diversity-equity-inclusion/
909,https://www.encorewire.com/careers/our-culture.html
910,https://sustainability.guess.com/diversity-and-inclusion
911,https://investors.playtika.com/static-files/997fdf09-5b04-4361-b6d2-784ee8fd47d9
912,https://newsroom.pinterest.com/en/post/pinterest-2021-inclusion-diversity-report
913,https://careers.wework.com/inclusion-diversity/
914,https://www.mantech.com/compliance-ethics-integrity
915,https://www.brightview.com/company/esg/social-responsibility
916,https://www.nortonlifelock.com/us/en/corporate-responsibility/diversity-and-inclusion/
917,https://www.deckers.com/DEI
918,https://www.thegriffon108.com/diversity-and-inclusion/
919,https://www.amctheatres.com/corporate/diversity-inclusion
920,https://curtisswright.com/company/sustainability/social/default.aspx
921,https://myrgroup.com/wp-content/uploads/2021/11/MYRG-Sustainability-Report_FINAL-1.pdf
922,https://www.kontoorbrands.com/about/inclusion-and-diversity
923,https://libertyutilities.com/supplier-information.html
924,https://www.kofc.org/en/news-room/convention/2020/resolutions/knights-history-racial-equality.html
925,https://adapthealth.com/2023/02/09/adapthealth-named-one-of-americas-top-workplaces-for-diversity/
926,https://www.millerknoll.com/environmental-social-impact/inclusion
927,https://blog.equityapartments.com/equity-residential-welcomes-new-director-of-diversity-and-inclusion/
928,https://www.comparably.com/companies/dexcom/diversity
929,https://www.rollins.edu/about-rollins/diversity-inclusion/
930,https://www.genesco.com/esg/equality
931,https://www.bruker.com/en/careers/culture.html
932,https://www.joann.com/diversity-inclusion/
933,https://www.wolverineworldwide.com/about-us/responsibility/our-team/attachment/diversity/
934,https://www.tvtechnology.com/news/diversity-gray-television-to-launch-a-new-media-training-center
935,https://www.amg.com/responsibility/
936,https://summit-materials.com/healthy-employees/
937,https://studentaffairs.loyno.edu/sites/default/files/inclusion_and_advocacy_with_slm_1.pdf
938,https://www.belden.com/resources/sustainability/social
939,https://www.allisontransmission.com/careers/diversity-and-inclusion
940,https://www.elementsolutionsinc.com/sustainability/social-impact
941,https://portlandgeneral.com/about/who-we-are/diversity-equity-and-inclusion
942,https://revgroup.com/ada-compliance-statement/
943,https://www.acadiahealthcare.com/about/culture/
944,https://www.are.com/disclosure/Diversity-Equal-Employment-Opportunity-and-Fair-Labor-Policy.pdf
945,https://www.nordson.com/en/our-company/about-us/diversity-equity-and-inclusion
946,https://www.newmarket.ca/TownGovernment/Pages/Diversity-and-Inclusion.aspx
947,https://www.ong.ohio.gov/programs/inclusion/index.html
948,https://jobs.stepan.com/content/Diversity-and-Inclusion/?locale=en_US
949,https://www.afmc.af.mil/Resiliency/Diversity/
950,https://corporate.hgv.com/corporate-social-responsibility/human-rights-diversity/default.aspx
951,https://www.cooperstandard.com/company/our-social-responsibility-commitment/diversity-and-inclusion
952,https://www.etsy.com/news/expanding-diversity-equity-and-inclusion-across-etsys-entire-business
953,https://www.crocs.com/comfort-for-all-people.html
954,https://www.olysteel.com/corporate-responsibility/diversity
955,https://www.linkedin.com/company/signature-bank_3/life
956,https://careers.sbasite.com/diversity-and-inclusion/
957,https://www.murphyoilcorp.com/diversity-inclusion/
958,https://www.entegris.com/en/home/about-us/corporate-social-responsibility.html
959,https://www.avaloncommunities.com/-/media/Images/Corp/About%20Us/Corporate%20Responsibility/environment/2022-Inclusion-And-Diversity.pdf
960,https://www.saia.com/about-us/corporate-responsibility
961,https://scripps.com/corporate-social-responsibility/equity-diversity-and-inclusion/
962,https://www.ttec.com/about-us/diversity-equity-and-inclusion
963,https://careers.suncommunities.com/SunOutdoors/content/IDEA/?locale=en_US
964,https://alphametresources.com/esg/
965,https://www.geogroup.com/embracing-diversity-inclusion
966,https://www.viasat.com/about/what-we-believe/diversity-and-inclusion-in-the-workplace/
967,https://www.bench.com/setting-the-benchmark/benchmark-diversity-equity-and-inclusion-qa-w/-rhonda-turner-and-katee-van-horn
968,https://www.karglobal.com/our-journey-to-create-a-culture-of-belonging/
969,https://www.ttm.com/en/about-ttm/who-we-are/diversity
970,https://www.kirby.org/about/diversity-and-inclusion
971,https://www.woodward.edu/who-we-are/diversity-equity-inclusion
972,https://blog.clearchanneloutdoor.com/topic/diversity-inclusion
973,https://jobs.spireenergy.com/content/Our-Integrity-and-Inclusion/?locale=en_US
974,https://vistaoutdoor.com/esg/
975,https://surgerypartners.com/about-us
976,https://blog.lhcgroup.com/celebrating-the-benefits-of-diversity-at-lhc-group/
977,https://careers.amedisys.com/diversity-equity-inclusion
978,https://www.glassdoor.com/Culture/Century-Aluminum-DEI-E5383.htm
979,https://www.archrsc.com/sustainability/people/
980,https://www.rocket.com/diversity
981,https://www.comparably.com/companies/sleep-number-corporation/diversity
982,https://www.hnicorp.com/diversity-equity-and-inclusion
983,https://blog.purestorage.com/perspectives/driving-diversity-inclusion-and-belonging/
984,http://www.trueblueinclusion.com/
985,https://www.comparably.com/companies/party-city/diversity
986,https://www.dnb.com/en-ch/about-us/people-and-organization/social/
987,https://blog.dropbox.com/topics/company/our-2021-diversity-report
988,https://www.njresources.com/about/diversity-inclusion/index.aspx
989,https://www.acushnetholdingscorp.com/who-we-are/environment-social-and-responsibility/
990,https://www.harsco.com/sites/default/files/2022-10/Harsco-2021_ESG_Report_0.pdf
991,http://ir.beazer.com/guidelines
992,https://www.comparably.com/companies/chemed-cor/diversity
993,https://www.genesisenergy.com/esg/social/
994,https://www.bwxt.com/media/e88da04f-8ea1-4234-9d8f-089e43af56e2/EcMwTA/Documents/Corporate%20Citizenship/SR_2022.pdf
995,https://www.comparably.com/companies/vizio/gender
996,https://www.1800flowers.com/blog/business/how-to-reinvigorate-workplace-diversity-equity-and-inclusion-efforts/
997,https://www.cowen.com/about/inclusion-and-diversity/
998,https://www.ashland.com/esg/social/inclusion-and-diversity
999,https://careers.docusign.com/dei
